ID.,HSWIM Ticket No.,HSWIM Date Time,HSWIM Vehicle Class,HSWIM Axle Conf,HSWIM Registration,Axle 1,Axle 2,Axle 3,Axle 4,Axle 5,Axle 6,Axle 7,Axle 8,Axle 9,Called In,Static Date,Ticket No,Station,Registation,Source,Destination,Cargo,Group 1,Group 2,Group 3,Group 4,Status,State,Static GVW,HSWIM GVW,Difference
"1","2063161","2022-07-25 22:16:24","26","6C","UNKNOWN_E","5120","6697","9085","8312","8402","8743","0","0","0","YES","0001-01-01 00:00:00","","","","","","","0","0","0","0","","","0","46359","0"
"2","0","2022-07-25 22:16:24","26","6C","UNKNOWN_E","5120","6697","9085","8312","8402","8743","0","0","0","YES","0001-01-01 00:00:00","","","","","","","0","0","0","0","","","0","46359","0"
"3","2063167","2022-07-25 22:18:20","26","6C","KDB057P","5042","11093","5718","7948","7797","8107","0","0","0","YES","0001-01-01 00:00:00","","","","","","","0","0","0","0","","","0","45705","0"
"4","0","2022-07-25 22:18:20","26","6C","KDB057P","5042","11093","5718","7948","7797","8107","0","0","0","YES","2022-07-25 22:20:39","BSKMA202207010886","BSKM","KDB057P","KISUMU","BUSIA","FUEL","6020","18220","24420","0","W","null","48660","45705","2955"
"5","2063168","2022-07-25 22:19:17","26","6C","KBR016C","7481","560","13169","8430","9148","8975","0","0","0","YES","0001-01-01 00:00:00","","","","","","","0","0","0","0","","","0","47763","0"
"6","0","2022-07-25 22:19:17","26","6C","KBR016C","7481","560","13169","8430","9148","8975","0","0","0","YES","2022-07-25 22:22:32","BSKMA202207010887","BSKM","KBR016C","KISUMU","KAMPALA","FUEL","7100","14480","24600","0","W","null","46180","47763","-1583"
"7","2063218","2022-07-25 22:36:29","26","6C","KAS118Y","4694","8085","9721","7599","8613","7857","0","0","0","YES","0001-01-01 00:00:00","","","","","","","0","0","0","0","","","0","46569","0"
"8","0","2022-07-25 22:36:29","26","6C","KAS118Y","4694","8085","9721","7599","8613","7857","0","0","0","YES","2022-07-25 22:38:07","BSKMA202207010888","BSKM","KAS118Y","SONY","KAMPALA","MOLASSES","4940","18520","23880","0","W","null","47340","46569","771"
"9","2063290","2022-07-25 23:02:06","26","6C","UNKNOWN_E","5779","6968","10371","8715","9769","10391","0","0","0","YES","0001-01-01 00:00:00","","","","","","","0","0","0","0","","","0","51993","0"
"10","2063329","2022-07-25 23:16:25","26","6C","UNKNOWN_E","5942","1616","12141","10164","9056","7258","0","0","0","YES","0001-01-01 00:00:00","","","","","","","0","0","0","0","","","0","46177","0"
"11","0","2022-07-25 23:16:25","26","6C","UNKNOWN_E","5942","1616","12141","10164","9056","7258","0","0","0","YES","0001-01-01 00:00:00","","","","","","","0","0","0","0","","","0","46177","0"
"12","2063332","2022-07-25 23:18:04","5","2A","KDG049P","4624","12972","0","0","0","0","0","0","0","YES","0001-01-01 00:00:00","","","","","","","0","0","0","0","","","0","17596","0"
"13","0","2022-07-25 23:18:04","5","2A","KDG049P","4624","12972","0","0","0","0","0","0","0","YES","2022-07-25 23:19:08","BSKMA202207010894","BSKM","KDG049P","MOLO","KAMPALA","HARDWARE MATERIALS, TIMBER, PIPES, HOUSEHOLD ITEMS ,CEREALS,CONSTRUCTION MATERIALS, CEREALS, FARM INPUTS, FARM PRODUCE, ASSORTED GOODS, HAY, PLASTIC&CHARCOAL","4460","12540","0","0","O","S","17000","17596","-596"
"14","2063337","2022-07-25 23:20:27","26","6C","UAU471B","5899","8523","9204","8478","9893","9236","0","0","0","YES","0001-01-01 00:00:00","","","","","","","0","0","0","0","","","0","51233","0"
"15","0","2022-07-25 23:20:27","26","6C","UAU471B","5899","8523","9204","8478","9893","9236","0","0","0","YES","2022-07-25 23:21:39","BSKMA202207010895","BSKM","UAU471B","NAIROBI","KAMPALA","CEMENT","6480","17560","24900","0","W","null","48940","51233","-2293"
"16","2063344","2022-07-25 23:26:12","26","6C","UBH794T","6019","8480","7802","8121","9318","9979","0","0","0","YES","2022-07-25 23:27:27","BSKMA202207010898","BSKM","UBH794T","NAIROBI","KAMPALA","CEMENT","6320","16820","24600","0","W","null","47740","49719","-1979"
"17","2063350","2022-07-25 23:28:34","26","6C","UBH795T","5447","9234","7863","9224","9392","7770","0","0","0","YES","0001-01-01 00:00:00","","","","","","","0","0","0","0","","","0","48930","0"
"18","0","2022-07-25 23:28:34","26","6C","UBH795T","5447","9234","7863","9224","9392","7770","0","0","0","YES","2022-07-25 23:29:59","BSKMA202207010900","BSKM","UBH795T","NAIROBI","KAMPALA","CEMENT","6000","16760","24100","0","W","null","46860","48930","-2070"
"19","2063352","2022-07-25 23:29:33","26","6C","UBH798T","5769","9349","8578","9197","7883","7004","0","0","0","YES","0001-01-01 00:00:00","","","","","","","0","0","0","0","","","0","47780","0"
"20","0","2022-07-25 23:29:33","26","6C","UBH798T","5769","9349","8578","9197","7883","7004","0","0","0","YES","2022-07-25 23:31:49","BSKMA202207010901","BSKM","UBH798T","NAIROBI","KAMPALA","CEMENT","6080","16980","24020","0","W","null","47080","47780","-700"
"21","2063359","2022-07-25 23:38:54","26","6C","KDD257P","5111","5529","9416","8810","7729","8561","0","0","0","YES","0001-01-01 00:00:00","","","","","","","0","0","0","0","","","0","45156","0"
"22","0","2022-07-25 23:38:54","26","6C","KDD257P","5111","5529","9416","8810","7729","8561","0","0","0","YES","2022-07-25 23:40:25","BSKMA202207010902","BSKM","KDD257P","ATHI RIVER","KAMPALA","WHEAT","6280","15600","24520","0","W","null","46400","45156","1244"
"23","2063365","2022-07-25 23:39:50","26","6C","UNKNOWN_E","6446","6812","10184","8480","9898","8921","0","0","0","YES","0001-01-01 00:00:00","","","","","","","0","0","0","0","","","0","50741","0"
"24","0","2022-07-25 23:39:50","26","6C","UNKNOWN_E","6446","6812","10184","8480","9898","8921","0","0","0","YES","0001-01-01 00:00:00","","","","","","","0","0","0","0","","","0","50741","0"
"25","2063382","2022-07-25 23:46:36","26","6C","UNKNOWN_E","5770","9597","9354","7765","9770","9764","0","0","0","YES","0001-01-01 00:00:00","","","","","","","0","0","0","0","","","0","52020","0"
"26","0","2022-07-25 23:46:36","26","6C","UNKNOWN_E","5770","9597","9354","7765","9770","9764","0","0","0","YES","0001-01-01 00:00:00","","","","","","","0","0","0","0","","","0","52020","0"
"27","2063401","2022-07-26 00:01:15","26","6C","UBB409E","5704","7820","7659","8626","8589","9181","0","0","0","YES","0001-01-01 00:00:00","","","","","","","0","0","0","0","","","0","47579","0"
"28","0","2022-07-26 00:01:15","26","6C","UBB409E","5704","7820","7659","8626","8589","9181","0","0","0","YES","2022-07-26 00:02:51","BSKMA202207010905","BSKM","UBB409E","ATHI RIVER","KAMPALA","WHEAT","6320","17200","25080","0","W","null","48600","47579","1021"
"29","2063402","2022-07-26 00:01:24","26","6C","UBB405E","5989","8774","8254","8702","8556","7486","0","0","0","YES","0001-01-01 00:00:00","","","","","","","0","0","0","0","","","0","47761","0"
"30","0","2022-07-26 00:01:24","26","6C","UBB405E","5989","8774","8254","8702","8556","7486","0","0","0","YES","2022-07-26 00:04:23","BSKMA202207010906","BSKM","UBB405E","ATHI RIVER","KAMPALA","WHEAT","6200","17560","24600","0","W","null","48360","47761","599"
"31","2063405","2022-07-26 00:05:04","26","6C","UNKNOWN_E","5493","9059","9286","8412","8523","8738","0","0","0","YES","0001-01-01 00:00:00","","","","","","","0","0","0","0","","","0","49511","0"
"32","0","2022-07-26 00:05:04","26","6C","UNKNOWN_E","5493","9059","9286","8412","8523","8738","0","0","0","YES","0001-01-01 00:00:00","","","","","","","0","0","0","0","","","0","49511","0"
"33","2063412","2022-07-26 00:09:08","20","6*SWDDDD","UNKNOWN_E","6996","9900","9855","6939","10995","6835","0","0","0","YES","0001-01-01 00:00:00","","","","","","","0","0","0","0","","","0","51520","0"
"34","0","2022-07-26 00:09:08","20","6*SWDDDD","UNKNOWN_E","6996","9900","9855","6939","10995","6835","0","0","0","YES","0001-01-01 00:00:00","","","","","","","0","0","0","0","","","0","51520","0"
"35","2063424","2022-07-26 00:22:08","26","6C","UNKNOWN_E","5208","6924","9495","9321","8321","8603","0","0","0","YES","0001-01-01 00:00:00","","","","","","","0","0","0","0","","","0","47872","0"
"36","0","2022-07-26 00:22:08","26","6C","UNKNOWN_E","5208","6924","9495","9321","8321","8603","0","0","0","YES","0001-01-01 00:00:00","","","","","","","0","0","0","0","","","0","47872","0"
"37","2063426","2022-07-26 00:22:52","26","6C","UBH797T","5338","8890","8609","9225","8967","8391","0","0","0","YES","0001-01-01 00:00:00","","","","","","","0","0","0","0","","","0","49420","0"
"38","0","2022-07-26 00:22:52","26","6C","UBH797T","5338","8890","8609","9225","8967","8391","0","0","0","YES","2022-07-26 00:24:39","BSKMA202207008993_1","BSKM","UBH797T","NAIROBI","KAMPALA","CEMENT","6240","16900","24280","0","W","null","47420","49420","-2000"
"39","2063433","2022-07-26 00:26:22","26","6C","KCX103S","4727","6487","9738","9221","8106","8624","0","0","0","YES","0001-01-01 00:00:00","","","","","","","0","0","0","0","","","0","46903","0"
"40","0","2022-07-26 00:26:22","26","6C","KCX103S","4727","6487","9738","9221","8106","8624","0","0","0","YES","2022-07-26 00:29:08","BSKMA202207010910","BSKM","KCX103S","NAKURU","KAMPALA","CONTAINER","5820","16760","25680","0","O","R","48260","46903","1357"
"41","2063437","2022-07-26 00:28:26","26","6C","UNKNOWN_E","5608","6822","10614","8937","9264","9059","0","0","0","YES","0001-01-01 00:00:00","","","","","","","0","0","0","0","","","0","50304","0"
"42","0","2022-07-26 00:28:26","26","6C","UNKNOWN_E","5608","6822","10614","8937","9264","9059","0","0","0","YES","0001-01-01 00:00:00","","","","","","","0","0","0","0","","","0","50304","0"
"43","2063444","2022-07-26 00:31:47","26","6C","UNKNOWN_E","5425","8711","8581","8038","8816","9868","0","0","0","YES","0001-01-01 00:00:00","","","","","","","0","0","0","0","","","0","49439","0"
"44","0","2022-07-26 00:31:47","26","6C","UNKNOWN_E","5425","8711","8581","8038","8816","9868","0","0","0","YES","0001-01-01 00:00:00","","","","","","","0","0","0","0","","","0","49439","0"
"45","2063465","2022-07-26 00:50:13","6","3A","UNKNOWN_E","9232","11795","5088","0","0","0","0","0","0","YES","0001-01-01 00:00:00","","","","","","","0","0","0","0","","","0","26115","0"
"46","0","2022-07-26 00:50:13","6","3A","UNKNOWN_E","9232","11795","5088","0","0","0","0","0","0","YES","0001-01-01 00:00:00","","","","","","","0","0","0","0","","","0","26115","0"
"47","2063466","2022-07-26 00:50:28","26","6C","UNKNOWN_E","6525","9606","9075","7533","8784","9133","0","0","0","YES","0001-01-01 00:00:00","","","","","","","0","0","0","0","","","0","50656","0"
"48","2063472","2022-07-26 00:57:55","26","6C","KCX103S","4782","6563","10774","10435","9092","7659","0","0","0","YES","0001-01-01 00:00:00","","","","","","","0","0","0","0","","","0","49305","0"
"49","0","2022-07-26 00:57:55","26","6C","KCX103S","4782","6563","10774","10435","9092","7659","0","0","0","YES","2022-07-26 00:59:56","BSKMA202207010910_1","BSKM","KCX103S","NAKURU","KAMPALA","CEMENT","5600","17140","25440","0","O","S","48180","49305","-1125"
"50","2063476","2022-07-26 01:00:20","5","2A","KCX065K","5776","14094","0","0","0","0","0","0","0","YES","0001-01-01 00:00:00","","","","","","","0","0","0","0","","","0","19870","0"
"51","0","2022-07-26 01:00:20","5","2A","KCX065K","5776","14094","0","0","0","0","0","0","0","YES","2022-07-26 01:05:11","BSKMA202207010918","BSKM","KCX065K","KISUMU","KAMPALA","BUILDING/HARDWARE MATERIALS-TIMBER-PIPES-ASSORTED GOODS-FARM PRODUCE/INPUTS","5600","12120","0","0","O","null","17720","19870","-2150"
"52","2063480","2022-07-26 01:04:39","26","6C","KCZ923N","5202","6650","10772","8384","7080","6694","0","0","0","YES","0001-01-01 00:00:00","","","","","","","0","0","0","0","","","0","44782","0"
"53","0","2022-07-26 01:04:39","26","6C","KCZ923N","5202","6650","10772","8384","7080","6694","0","0","0","YES","2022-07-26 01:06:59","BSKMA202207010919","BSKM","KCZ923N","MOMBASA","KIGALI","FUEL","6380","17700","24900","0","W","null","48980","44782","4198"
"54","2063493","2022-07-26 01:15:19","26","6C","KDB247S","5151","12222","5547","7825","8683","9132","0","0","0","YES","0001-01-01 00:00:00","","","","","","","0","0","0","0","","","0","48560","0"
"55","0","2022-07-26 01:15:19","26","6C","KDB247S","5151","12222","5547","7825","8683","9132","0","0","0","YES","2022-07-26 01:16:38","BSKMA202207010920","BSKM","KDB247S","MOMBASA","KAMPALA","STEEL","5220","17520","24280","0","W","null","47020","48560","-1540"
"56","2063495","2022-07-26 01:20:24","26","6C","KCG368R","6046","8796","9893","7878","10540","8471","0","0","0","YES","0001-01-01 00:00:00","","","","","","","0","0","0","0","","","0","51624","0"
"57","0","2022-07-26 01:20:24","26","6C","KCG368R","6046","8796","9893","7878","10540","8471","0","0","0","YES","2022-07-26 01:24:09","BSKMA202207010921","BSKM","KCG368R","MOMBASA","KAMPALA","CPO","6320","17640","24240","0","W","null","48200","51624","-3424"
"58","2063506","2022-07-26 01:26:27","26","6C","UNKNOWN_E","5503","8263","8337","8880","8792","9069","0","0","0","YES","0001-01-01 00:00:00","","","","","","","0","0","0","0","","","0","48844","0"
"59","0","2022-07-26 01:26:27","26","6C","UNKNOWN_E","5503","8263","8337","8880","8792","9069","0","0","0","YES","0001-01-01 00:00:00","","","","","","","0","0","0","0","","","0","48844","0"
"60","2063515","2022-07-26 01:28:54","26","6C","UNKNOWN_E","6492","8589","8813","7164","8711","8754","0","0","0","YES","0001-01-01 00:00:00","","","","","","","0","0","0","0","","","0","48523","0"
"61","0","2022-07-26 01:28:54","26","6C","UNKNOWN_E","6492","8589","8813","7164","8711","8754","0","0","0","YES","0001-01-01 00:00:00","","","","","","","0","0","0","0","","","0","48523","0"
"62","2063516","2022-07-26 01:29:00","26","6C","KBT762M","5751","9182","9612","8871","8434","9299","0","0","0","YES","0001-01-01 00:00:00","","","","","","","0","0","0","0","","","0","51149","0"
"63","0","2022-07-26 01:29:00","26","6C","KBT762M","5751","9182","9612","8871","8434","9299","0","0","0","YES","2022-07-26 01:33:48","BSKMA202207010925","BSKM","KBT762M","KISUMU","KAMPALA","FUEL","6260","17180","24460","0","W","null","47900","51149","-3249"
"64","2063517","2022-07-26 01:29:17","26","6C","UBE002F","6060","10067","8662","8364","8584","9004","0","0","0","YES","0001-01-01 00:00:00","","","","","","","0","0","0","0","","","0","50741","0"
"65","0","2022-07-26 01:29:17","26","6C","UBE002F","6060","10067","8662","8364","8584","9004","0","0","0","YES","2022-07-26 01:35:42","BSKMA202207010926","BSKM","UBE002F","KISUMU","SOUTH SUDAN","FUEL","6420","18000","24900","0","W","null","49320","50741","-1421"
"66","2063530","2022-07-26 01:41:29","5","2A","KDD214Y","4783","10248","0","0","0","0","0","0","0","YES","0001-01-01 00:00:00","","","","","","","0","0","0","0","","","0","15031","0"
"67","0","2022-07-26 01:41:29","5","2A","KDD214Y","4783","10248","0","0","0","0","0","0","0","YES","2022-07-26 01:42:30","BSKMA202207010929","BSKM","KDD214Y","KISUMU","KAMPALA","HARDWARE MATERIALS, TIMBER, PIPES, CONSTRUCTION MATERIALS, CEREALS, FARM INPUTS, FARM PRODUCE, & ASSORTED GOODS","5360","10240","0","0","W","null","15600","15031","569"
"68","2063531","2022-07-26 01:43:07","27","2*SD","YA7A","6239","11724","0","0","0","0","0","0","0","YES","0001-01-01 00:00:00","","","","","","","0","0","0","0","","","0","17963","0"
"69","0","2022-07-26 01:43:07","27","2*SD","YA7A","6239","11724","0","0","0","0","0","0","0","YES","0001-01-01 00:00:00","","","","","","","0","0","0","0","","","0","17963","0"
"70","2063539","2022-07-26 01:47:26","5","2A","KCP979M","4976","13764","0","0","0","0","0","0","0","YES","2022-07-26 02:14:08","BSKMA202207010931_1","BSKS","KCP979M","MOLO","BUSIA","Timber, hardware materials, parcels, farm produce, metal and cereals","5280","13740","0","0","O","C","19020","18740","280"
"71","0","2022-07-26 01:47:26","5","2A","KCP979M","4976","13764","0","0","0","0","0","0","0","YES","2022-07-26 01:49:27","BSKMA202207010931","BSKM","KCP979M","MOLO","KAMPALA","Timber, hardware materials, parcels, farm produce, metal and cereals","5320","13740","0","0","O","C","19060","18740","320"
"72","2063557","2022-07-26 02:01:12","5","2A","UNKNOWN_E","5394","13382","0","0","0","0","0","0","0","YES","0001-01-01 00:00:00","","","","","","","0","0","0","0","","","0","18776","0"
"73","0","2022-07-26 02:01:12","5","2A","UNKNOWN_E","5394","13382","0","0","0","0","0","0","0","YES","0001-01-01 00:00:00","","","","","","","0","0","0","0","","","0","18776","0"
"74","2063559","2022-07-26 02:02:21","26","6C","UNKNOWN_E","6082","8484","8173","9665","9499","8291","0","0","0","YES","0001-01-01 00:00:00","","","","","","","0","0","0","0","","","0","50194","0"
"75","0","2022-07-26 02:02:21","26","6C","UNKNOWN_E","6082","8484","8173","9665","9499","8291","0","0","0","YES","0001-01-01 00:00:00","","","","","","","0","0","0","0","","","0","50194","0"
"76","2063562","2022-07-26 02:04:44","26","6C","KCR040A","7107","2056","11634","11449","11079","8216","0","0","0","YES","0001-01-01 00:00:00","","","","","","","0","0","0","0","","","0","51541","0"
"77","0","2022-07-26 02:04:44","26","6C","KCR040A","7107","2056","11634","11449","11079","8216","0","0","0","YES","2022-07-26 02:09:07","BSKMA202207010934","BSKM","KCR040A","KISUMU","KAMPALA","FUEL","7640","13580","25320","0","O","S","46540","51541","-5001"
"78","2063563","2022-07-26 02:07:11","5","2A","KBZ653T","6374","11204","0","0","0","0","0","0","0","YES","2022-07-26 10:37:21","BSKSA202207005968","BSKS","KBZ653T","BUSIA","KISUMU","Timber, hardware materials, parcels, farm produce, metal and cereals","2440","2660","0","0","L","null","5100","17578","-12478"
"79","0","2022-07-26 02:07:11","5","2A","KBZ653T","6374","11204","0","0","0","0","0","0","0","YES","2022-07-26 02:12:03","BSKMA202207010935","BSKM","KBZ653T","MOLO","KAMPALA","Timber, hardware materials, parcels, farm produce, metal and cereals","6060","12220","0","0","O","S","18280","17578","702"
"80","2063565","2022-07-26 02:13:27","26","6C","UNKNOWN_E","5953","8090","9045","8411","8121","9133","0","0","0","YES","0001-01-01 00:00:00","","","","","","","0","0","0","0","","","0","48753","0"
"81","0","2022-07-26 02:13:27","26","6C","UNKNOWN_E","5953","8090","9045","8411","8121","9133","0","0","0","YES","0001-01-01 00:00:00","","","","","","","0","0","0","0","","","0","48753","0"
"82","2063567","2022-07-26 02:17:41","28","3*SDW","UNKNOWN_E","8329","9016","5613","0","0","0","0","0","0","YES","0001-01-01 00:00:00","","","","","","","0","0","0","0","","","0","22958","0"
"83","2063585","2022-07-26 02:29:26","5","2A","UNKNOWN_E","6352","12797","0","0","0","0","0","0","0","YES","0001-01-01 00:00:00","","","","","","","0","0","0","0","","","0","19149","0"
"84","0","2022-07-26 02:29:26","5","2A","UNKNOWN_E","6352","12797","0","0","0","0","0","0","0","YES","0001-01-01 00:00:00","","","","","","","0","0","0","0","","","0","19149","0"
"85","2063594","2022-07-26 02:37:37","5","2A","KDB057S","5167","10784","0","0","0","0","0","0","0","YES","2022-07-26 02:42:54","BSKMA202207010940","BSKM","KDB057S","KISUMU","KAMPALA","Timber, hardware materials, parcels, farm produce, metal and cereals","5680","12460","0","0","O","null","18140","15951","2189"
"86","2063597","2022-07-26 02:38:16","26","6C","UBB408E","6261","8643","8783","8558","8955","8850","0","0","0","YES","0001-01-01 00:00:00","","","","","","","0","0","0","0","","","0","50050","0"
"87","0","2022-07-26 02:38:16","26","6C","UBB408E","6261","8643","8783","8558","8955","8850","0","0","0","YES","2022-07-26 02:44:22","BSKMA202207010941","BSKM","UBB408E","ELDORET","KAMPALA","TILES","6420","18060","24640","0","W","null","49120","50050","-930"
"88","2063610","2022-07-26 02:48:38","26","6C","UNKNOWN_E","5447","8764","8404","10099","9351","8469","0","0","0","YES","0001-01-01 00:00:00","","","","","","","0","0","0","0","","","0","50534","0"
"89","0","2022-07-26 02:48:38","26","6C","UNKNOWN_E","5447","8764","8404","10099","9351","8469","0","0","0","YES","0001-01-01 00:00:00","","","","","","","0","0","0","0","","","0","50534","0"
"90","2063612","2022-07-26 02:52:40","26","6C","UNKNOWN_E","7774","1055","13100","9480","9733","7781","0","0","0","YES","0001-01-01 00:00:00","","","","","","","0","0","0","0","","","0","48923","0"
"91","0","2022-07-26 02:52:40","26","6C","UNKNOWN_E","7774","1055","13100","9480","9733","7781","0","0","0","YES","0001-01-01 00:00:00","","","","","","","0","0","0","0","","","0","48923","0"
"92","2063617","2022-07-26 02:59:01","5","2A","KDG248P","5735","13623","0","0","0","0","0","0","0","YES","0001-01-01 00:00:00","","","","","","","0","0","0","0","","","0","19358","0"
"93","0","2022-07-26 02:59:01","5","2A","KDG248P","5735","13623","0","0","0","0","0","0","0","YES","2022-07-26 03:02:19","BSKMA202207010944","BSKM","KDG248P","KISUMU","KAMPALA","Timber, hardware materials, parcels, farm produce, metal and cereals","5440","12640","0","0","O","null","18080","19358","-1278"
"94","2063618","2022-07-26 02:59:13","5","2A","KDC929P","5414","15303","0","0","0","0","0","0","0","YES","0001-01-01 00:00:00","","","","","","","0","0","0","0","","","0","20717","0"
"95","0","2022-07-26 02:59:13","5","2A","KDC929P","5414","15303","0","0","0","0","0","0","0","YES","2022-07-26 03:03:39","BSKMA202207010945","BSKM","KDC929P","MOLO","KAMPALA","Timber, hardware materials, parcels, farm produce, metal and cereals","5180","13560","0","0","O","S","18740","20717","-1977"
"96","2063619","2022-07-26 03:02:10","9","4A","UNKNOWN_E","5667","7057","10827","6321","0","0","0","0","0","YES","0001-01-01 00:00:00","","","","","","","0","0","0","0","","","0","29872","0"
"97","0","2022-07-26 03:02:10","9","4A","UNKNOWN_E","5667","7057","10827","6321","0","0","0","0","0","YES","0001-01-01 00:00:00","","","","","","","0","0","0","0","","","0","29872","0"
"98","2063620","2022-07-26 03:02:28","26","6C","KDB106U","5919","6658","9517","9934","9115","7569","0","0","0","YES","0001-01-01 00:00:00","","","","","","","0","0","0","0","","","0","48712","0"
"99","0","2022-07-26 03:02:28","26","6C","KDB106U","5919","6658","9517","9934","9115","7569","0","0","0","YES","2022-07-26 03:10:07","BSKMA202207010947","BSKM","KDB106U","MSA`","KAMPALA","ASSORTED GOODS","6020","16400","24640","0","W","null","47060","48712","-1652"
"100","2063624","2022-07-26 03:04:39","5","2A","KCG771M","5934","14119","0","0","0","0","0","0","0","YES","0001-01-01 00:00:00","","","","","","","0","0","0","0","","","0","20053","0"
"101","0","2022-07-26 03:04:39","5","2A","KCG771M","5934","14119","0","0","0","0","0","0","0","YES","2022-07-26 03:12:17","BSKMA202207010948","BSKM","KCG771M","KISUMU","KAMPALA","Timber, hardware materials, parcels, farm produce, metal and cereals","5740","12840","0","0","O","S","18580","20053","-1473"
"102","2063633","2022-07-26 03:08:30","5","2A","KDD098Y","5984","12171","0","0","0","0","0","0","0","YES","2022-07-26 03:14:43","BSKMA202207010949","BSKM","KDD098Y","KISUMU","KAMPALA","PLASTIC, TIMBER, HOUSEHOLD ITEMS, CEREALS, ASSORTED GOODS, ANIMAL FEEDS, LIVESTOCKS, SISAL, HARDWARE/BUILDING MATERIAL FARM IN-PUTS AND FARM PRODUCE","6120","11180","0","0","O","S","17300","18155","-855"
"103","2063634","2022-07-26 03:08:33","5","2A","KCV069Z","5884","13093","0","0","0","0","0","0","0","YES","0001-01-01 00:00:00","","","","","","","0","0","0","0","","","0","18977","0"
"104","0","2022-07-26 03:08:33","5","2A","KCV069Z","5884","13093","0","0","0","0","0","0","0","YES","2022-07-26 03:15:36","BSKMA202207010950","BSKM","KCV069Z","KISUMU","KAMPALA","BUILDING/HARDWAE MATERIALS-TTIBER-PIPES-ASSORTED GOODS-FARM PRODUCE/INPUTS","5280","12640","0","0","O","S","17920","18977","-1057"
"105","2063648","2022-07-26 03:16:31","26","6C","UNKNOWN_E","4817","9323","10087","10758","10529","9977","0","0","0","YES","0001-01-01 00:00:00","","","","","","","0","0","0","0","","","0","55491","0"
"106","0","2022-07-26 03:16:31","26","6C","UNKNOWN_E","4817","9323","10087","10758","10529","9977","0","0","0","YES","0001-01-01 00:00:00","","","","","","","0","0","0","0","","","0","55491","0"
"107","2063652","2022-07-26 03:17:54","26","6C","UNKNOWN_E","5994","8324","8697","8237","9503","9098","0","0","0","YES","0001-01-01 00:00:00","","","","","","","0","0","0","0","","","0","49853","0"
"108","0","2022-07-26 03:17:54","26","6C","UNKNOWN_E","5994","8324","8697","8237","9503","9098","0","0","0","YES","0001-01-01 00:00:00","","","","","","","0","0","0","0","","","0","49853","0"
"109","2063659","2022-07-26 03:24:50","26","6C","KDB215L","5294","7578","10895","8761","8143","5913","0","0","0","YES","0001-01-01 00:00:00","","","","","","","0","0","0","0","","","0","46584","0"
"110","0","2022-07-26 03:24:50","26","6C","KDB215L","5294","7578","10895","8761","8143","5913","0","0","0","YES","2022-07-26 03:28:27","BSKMA202207010955","BSKM","KDB215L","NRB","KAMPALA","ASSORTED GOODS","7640","16340","24740","0","W","null","48720","46584","2136"
"111","2063669","2022-07-26 03:33:03","26","6C","KDB510Y","5837","10155","7662","7471","9381","9383","0","0","0","YES","0001-01-01 00:00:00","","","","","","","0","0","0","0","","","0","49889","0"
"112","0","2022-07-26 03:33:03","26","6C","KDB510Y","5837","10155","7662","7471","9381","9383","0","0","0","YES","2022-07-26 03:34:26","BSKMA202207010956","BSKM","KDB510Y","KISUMU","KAMPALA","ASSORTED GOODS","6160","17840","25060","0","W","null","49060","49889","-829"
"113","2063682","2022-07-26 03:45:56","26","6C","UNKNOWN_E","5745","9826","9737","7893","8490","8084","0","0","0","YES","0001-01-01 00:00:00","","","","","","","0","0","0","0","","","0","49775","0"
"114","0","2022-07-26 03:45:56","26","6C","UNKNOWN_E","5745","9826","9737","7893","8490","8084","0","0","0","YES","0001-01-01 00:00:00","","","","","","","0","0","0","0","","","0","49775","0"
"115","2063685","2022-07-26 03:48:47","26","6C","KCY729B","5227","9831","11131","7873","8524","8780","0","0","0","YES","2022-07-26 03:49:58","BSKMA202207010959","BSKM","KCY729B","MSA`","KAMPALA","PETROLEUM","5840","18720","22700","0","W","null","47260","51366","-4106"
"116","2063693","2022-07-26 03:54:31","28","3*SDW","KCP202A","8380","8713","7405","0","0","0","0","0","0","YES","0001-01-01 00:00:00","","","","","","","0","0","0","0","","","0","24498","0"
"117","0","2022-07-26 03:54:31","28","3*SDW","KCP202A","8380","8713","7405","0","0","0","0","0","0","YES","2022-07-26 03:56:26","BSKMA202207010960","BSKM","KCP202A","NRB","KAMPALA","PSV","8080","15600","0","0","W","null","23680","24498","-818"
"118","2063712","2022-07-26 04:12:00","6","3A","UNKNOWN_E","8112","6953","4647","0","0","0","0","0","0","YES","0001-01-01 00:00:00","","","","","","","0","0","0","0","","","0","19712","0"
"119","0","2022-07-26 04:12:00","6","3A","UNKNOWN_E","8112","6953","4647","0","0","0","0","0","0","YES","0001-01-01 00:00:00","","","","","","","0","0","0","0","","","0","19712","0"
"120","2063713","2022-07-26 04:13:15","26","6C","KBF897W","5622","9038","8907","6473","7203","7751","0","0","0","YES","0001-01-01 00:00:00","","","","","","","0","0","0","0","","","0","44994","0"
"121","0","2022-07-26 04:13:15","26","6C","KBF897W","5622","9038","8907","6473","7203","7751","0","0","0","YES","2022-07-26 04:15:06","BSKMA202207010963","BSKM","KBF897W","KISUMU","KAMPALA","ASSORTED GOODS","6200","15980","19900","0","L","null","42080","44994","-2914"
"122","2063731","2022-07-26 04:24:33","5","2A","KAU692V","5644","11539","0","0","0","0","0","0","0","YES","0001-01-01 00:00:00","","","","","","","0","0","0","0","","","0","17183","0"
"123","0","2022-07-26 04:24:33","5","2A","KAU692V","5644","11539","0","0","0","0","0","0","0","YES","2022-07-26 04:25:56","BSKMA202207010964","BSKM","KAU692V","KISUMU","KAMPALA","BUILDING/HARDWARE MATERIALS-TIMBER-PIPES-ASSORTED GOODS-FARM PRODUCE/INPUTS","5920","12560","0","0","O","S","18480","17183","1297"
"124","2063739","2022-07-26 04:29:35","26","6C","UNKNOWN_E","5359","5296","9092","9010","9356","9527","0","0","0","YES","0001-01-01 00:00:00","","","","","","","0","0","0","0","","","0","47640","0"
"125","0","2022-07-26 04:29:35","26","6C","UNKNOWN_E","5359","5296","9092","9010","9356","9527","0","0","0","YES","0001-01-01 00:00:00","","","","","","","0","0","0","0","","","0","47640","0"
"126","2063766","2022-07-26 04:43:44","26","6C","UNKNOWN_E","6298","8828","8876","8146","8309","8574","0","0","0","YES","0001-01-01 00:00:00","","","","","","","0","0","0","0","","","0","49031","0"
"127","0","2022-07-26 04:43:44","26","6C","UNKNOWN_E","6298","8828","8876","8146","8309","8574","0","0","0","YES","0001-01-01 00:00:00","","","","","","","0","0","0","0","","","0","49031","0"
"128","2063785","2022-07-26 04:50:34","26","6C","KDC883L","6642","5515","9499","8227","9078","10365","0","0","0","YES","0001-01-01 00:00:00","","","","","","","0","0","0","0","","","0","49326","0"
"129","0","2022-07-26 04:50:34","26","6C","KDC883L","6642","5515","9499","8227","9078","10365","0","0","0","YES","2022-07-26 04:56:54","BSKMA202207010965_1","BSKM","KDC883L","MSA`","KMPL","WHEAT","6440","15760","25140","0","W","null","47340","49326","-1986"
"130","2063789","2022-07-26 04:53:56","5","2A","KDA083W","6374","9244","0","0","0","0","0","0","0","YES","0001-01-01 00:00:00","","","","","","","0","0","0","0","","","0","15618","0"
"131","0","2022-07-26 04:53:56","5","2A","KDA083W","6374","9244","0","0","0","0","0","0","0","YES","2022-07-26 05:00:24","BSKMA202207010968","BSKM","KDA083W","MERU","KAMPALA","COW PEAS","6120","10600","0","0","O","S","16720","15618","1102"
"132","2063820","2022-07-26 05:09:00","5","2A","KCZ562L","6468","10210","0","0","0","0","0","0","0","YES","0001-01-01 00:00:00","","","","","","","0","0","0","0","","","0","16678","0"
"133","0","2022-07-26 05:09:00","5","2A","KCZ562L","6468","10210","0","0","0","0","0","0","0","YES","2022-07-26 05:12:04","BSKMA202207010969","BSKM","KCZ562L","KISUMU","KAMPALA","BUILDING AND CONSTRUCTION MATERIALS, HARDWARE MATERIALS, FARM PRODUCE, ANIMAL FEEDS & PRODUCE, COMMERCIAL GOODS, HOUSEHOLD GOODS AND ASSORTED GOODS","6260","11020","0","0","O","null","17280","16678","602"
"134","2063821","2022-07-26 05:09:26","26","6C","KBT196T","5654","5076","7697","11183","9906","6742","0","0","0","YES","0001-01-01 00:00:00","","","","","","","0","0","0","0","","","0","46258","0"
"135","0","2022-07-26 05:09:26","26","6C","KBT196T","5654","5076","7697","11183","9906","6742","0","0","0","YES","2022-07-26 05:13:19","BSKMA202207010970","BSKM","KBT196T","MOMBASA","KAMPALA","CONTAINER","5780","13100","24440","0","W","null","43320","46258","-2938"
"136","2063822","2022-07-26 05:09:53","27","2*SD","UNKNOWN_E","4862","10451","0","0","0","0","0","0","0","YES","0001-01-01 00:00:00","","","","","","","0","0","0","0","","","0","15313","0"
"137","0","2022-07-26 05:09:53","27","2*SD","UNKNOWN_E","4862","10451","0","0","0","0","0","0","0","YES","0001-01-01 00:00:00","","","","","","","0","0","0","0","","","0","15313","0"
"138","2063832","2022-07-26 05:12:16","26","6C","KBH961C","6181","5648","10345","7466","9814","9058","0","0","0","YES","2022-07-26 05:17:18","BSKMA202207010973","BSKM","KBH961C","MOMBASA","KIGALI","PETROLEUM","6880","15660","22820","0","L","null","45360","48512","-3152"
"139","2063850","2022-07-26 05:19:18","26","6C","KCG090F","5916","9095","9096","7038","9290","10312","0","0","0","YES","0001-01-01 00:00:00","","","","","","","0","0","0","0","","","0","50747","0"
"140","0","2022-07-26 05:19:18","26","6C","KCG090F","5916","9095","9096","7038","9290","10312","0","0","0","YES","2022-07-26 05:20:55","BSKMA202207010975","BSKM","KCG090F","ELDORET","BUSIA","WHEAT FLOUR","6560","17400","24900","0","W","null","48860","50747","-1887"
"141","2063891","2022-07-26 05:31:53","5","2A","KBX366V","5657","10455","0","0","0","0","0","0","0","YES","0001-01-01 00:00:00","","","","","","","0","0","0","0","","","0","16112","0"
"142","0","2022-07-26 05:31:53","5","2A","KBX366V","5657","10455","0","0","0","0","0","0","0","YES","2022-07-26 05:34:27","BSKMA202207010977","BSKM","KBX366V","JUJA","BUSIA","BUILDING/HARDWARE MATERIALS-TIMBER-PIPES-ASSORTED GOODS-FARM PRODUCE/INPUTS","5980","11160","0","0","O","S","17140","16112","1028"
"143","2063893","2022-07-26 05:32:17","26","6C","KBT351R","4909","5816","8405","8166","7959","7475","0","0","0","YES","0001-01-01 00:00:00","","","","","","","0","0","0","0","","","0","42730","0"
"144","0","2022-07-26 05:32:17","26","6C","KBT351R","4909","5816","8405","8166","7959","7475","0","0","0","YES","2022-07-26 05:35:37","BSKMA202207010978","BSKM","KBT351R","MOMBASA","KIGALI","LPG","7140","14720","22340","0","L","null","44200","42730","1470"
"145","2063901","2022-07-26 05:34:14","26","6C","KCN398N","5457","774","12423","8191","8210","7029","0","0","0","YES","0001-01-01 00:00:00","","","","","","","0","0","0","0","","","0","42084","0"
"146","0","2022-07-26 05:34:14","26","6C","KCN398N","5457","774","12423","8191","8210","7029","0","0","0","YES","2022-07-26 05:38:02","BSKMA202207010979","BSKM","KCN398N","MOMBASA","DRC CONGO","CONTAINER","6020","14500","22580","0","L","null","43100","42084","1016"
"147","2063919","2022-07-26 05:38:13","5","2A","KDE209Q","5192","13048","0","0","0","0","0","0","0","YES","0001-01-01 00:00:00","","","","","","","0","0","0","0","","","0","18240","0"
"148","0","2022-07-26 05:38:13","5","2A","KDE209Q","5192","13048","0","0","0","0","0","0","0","YES","2022-07-26 05:44:41","BSKMA202207010982","BSKM","KDE209Q","NAROK","KAMPALA","BUILDING/HARDWARE MATERIALS-TIMBER-PIPES-ASSORTED GOODS-FARM PRODUCE/INPUTS","5460","12900","0","0","O","S","18360","18240","120"
"149","2063932","2022-07-26 05:43:08","26","6C","KDB018H","5845","8499","9673","7386","10053","10411","0","0","0","YES","0001-01-01 00:00:00","","","","","","","0","0","0","0","","","0","51867","0"
"150","0","2022-07-26 05:43:08","26","6C","KDB018H","5845","8499","9673","7386","10053","10411","0","0","0","YES","2022-07-26 05:48:11","BSKMA202207010983","BSKM","KDB018H","NAIROBI","BUSIA","PAINTS ADN CEMENT","6920","18120","24980","0","O","S","50020","51867","-1847"
"151","2063981","2022-07-26 05:52:08","49","","RAC10RK","7081","8375","8840","10614","7624","9840","8809","0","0","YES","0001-01-01 00:00:00","","","","","","","0","0","0","0","","","0","61183","0"
"152","0","2022-07-26 05:52:08","49","","RAC10RK","7081","8375","8840","10614","7624","9840","8809","0","0","YES","0001-01-01 00:00:00","","","","","","","0","0","0","0","","","0","61183","0"
"153","2064053","2022-07-26 06:06:48","26","6C","KBN111X","6776","8539","8643","7515","7504","7958","0","0","0","YES","0001-01-01 00:00:00","","","","","","","0","0","0","0","","","0","46935","0"
"154","0","2022-07-26 06:06:48","26","6C","KBN111X","6776","8539","8643","7515","7504","7958","0","0","0","YES","2022-07-26 06:08:33","BSKMA202207010985","BSKM","KBN111X","KISUMU","KAMPALA","SUPER","7200","17660","24580","0","W","null","49440","46935","2505"
"155","2064081","2022-07-26 06:09:47","27","2*SD","KCU711C","5319","14131","0","0","0","0","0","0","0","YES","2022-07-26 06:11:00","BSKMA202207010986","BSKM","KCU711C","KISUMU","KAMPALA","BUILDING/HARDWARE MATERIALS-TIMBER-PIPES-ASSORTED GOODS-FARM PRODUCE/INPUTS","5120","12880","0","0","O","S","18000","19450","-1450"
"156","2064131","2022-07-26 06:15:01","26","6C","KDH179F","5413","10033","7896","7540","7697","8668","0","0","0","YES","0001-01-01 00:00:00","","","","","","","0","0","0","0","","","0","47247","0"
"157","0","2022-07-26 06:15:01","26","6C","KDH179F","5413","10033","7896","7540","7697","8668","0","0","0","YES","2022-07-26 06:16:14","BSKMA202207010987","BSKM","KDH179F","KISUMU","KAMPALA","CONTAINER","6640","18140","23580","0","W","null","48360","47247","1113"
"158","2064134","2022-07-26 06:15:25","26","6C","RAF396J","7371","2329","14075","10441","9383","8792","0","0","0","YES","2022-07-26 06:17:50","BSKMA202207010988","BSKM","RAF396J","KISUMU","KAMPALA","CEMENT-50 KGS BAGS","8120","14800","24740","0","W","null","47660","52391","-4731"
"159","2064140","2022-07-26 06:15:54","26","6C","KDE156V","6127","9038","8448","6703","9075","9669","0","0","0","YES","0001-01-01 00:00:00","","","","","","","0","0","0","0","","","0","49060","0"
"160","0","2022-07-26 06:15:54","26","6C","KDE156V","6127","9038","8448","6703","9075","9669","0","0","0","YES","2022-07-26 06:19:38","BSKMA202207010989","BSKM","KDE156V","KISUMU","KAMPALA","CONTAINER","6940","17940","23400","0","L","null","48280","49060","-780"
"161","2064142","2022-07-26 06:16:08","26","6C","KCY122C","6629","8136","7902","8664","9323","8087","0","0","0","YES","0001-01-01 00:00:00","","","","","","","0","0","0","0","","","0","48741","0"
"162","0","2022-07-26 06:16:08","26","6C","KCY122C","6629","8136","7902","8664","9323","8087","0","0","0","YES","2022-07-26 06:20:52","BSKMA202207010990","BSKM","KCY122C","MOMBASA","KAMPALA","CONTAINER","7480","16340","24140","0","W","null","47960","48741","-781"
"163","2064144","2022-07-26 06:16:22","26","6C","KCY123C","6089","9459","7882","7657","9169","8208","0","0","0","YES","0001-01-01 00:00:00","","","","","","","0","0","0","0","","","0","48464","0"
"164","0","2022-07-26 06:16:22","26","6C","KCY123C","6089","9459","7882","7657","9169","8208","0","0","0","YES","2022-07-26 06:22:31","BSKMA202207010991","BSKM","KCY123C","MOMBASA","KAMPALA","CONTAINER","7360","17280","23140","0","L","null","47780","48464","-684"
"165","2064172","2022-07-26 06:19:00","26","6C","KDG163U","6917","9320","8707","8232","8110","7916","0","0","0","YES","2022-07-26 06:24:06","BSKMA202207010992","BSKM","KDG163U","SALGAA","KAMPALA","CEMENT-50 KGS BAGS","7520","17980","23840","0","L","null","49340","49202","138"
"166","2064201","2022-07-26 06:21:03","26","6C","KCJ653B","6457","10534","7193","9088","9540","8207","0","0","0","YES","0001-01-01 00:00:00","","","","","","","0","0","0","0","","","0","51019","0"
"167","0","2022-07-26 06:21:03","26","6C","KCJ653B","6457","10534","7193","9088","9540","8207","0","0","0","YES","2022-07-26 06:25:41","BSKMA202207010993","BSKM","KCJ653B","KISUMU","KAMPALA","PETROLEUM","6400","17380","25060","0","W","null","48840","51019","-2179"
"168","2064202","2022-07-26 06:21:22","26","6C","UNKNOWN_E","6616","10481","7506","8104","9515","8909","0","0","0","YES","0001-01-01 00:00:00","","","","","","","0","0","0","0","","","0","51131","0"
"169","2064250","2022-07-26 06:25:55","5","2A","UNKNOWN_E","6117","13664","0","0","0","0","0","0","0","YES","0001-01-01 00:00:00","","","","","","","0","0","0","0","","","0","19781","0"
"170","0","2022-07-26 06:25:55","5","2A","UNKNOWN_E","6117","13664","0","0","0","0","0","0","0","YES","0001-01-01 00:00:00","","","","","","","0","0","0","0","","","0","19781","0"
"171","2064276","2022-07-26 06:30:21","26","6C","KDC343X","6604","6987","9669","7970","7971","7445","0","0","0","YES","2022-07-26 06:32:06","BSKMA202207010996","BSKM","KDC343X","KISUMU","KAMPALA","CONTAINER","6640","16800","22700","0","W","null","46140","46646","-506"
"172","2064282","2022-07-26 06:30:34","5","2A","KDH072H","4806","11019","0","0","0","0","0","0","0","YES","0001-01-01 00:00:00","","","","","","","0","0","0","0","","","0","15825","0"
"173","0","2022-07-26 06:30:34","5","2A","KDH072H","4806","11019","0","0","0","0","0","0","0","YES","2022-07-26 06:35:46","BSKMA202207010997","BSKM","KDH072H","MOLO","KAMPALA","POTATOS","5740","11900","0","0","O","S","17640","15825","1815"
"174","2064285","2022-07-26 06:30:53","26","6C","KCH156F","5809","9329","9642","8955","9257","7956","0","0","0","YES","2022-07-26 06:40:11","BSKMA202207010999","BSKM","KCH156F","KISUMU","KAMPALA","FUEL","6420","18480","24200","0","W","null","49100","50948","-1848"
"175","2064287","2022-07-26 06:31:02","26","6C","KCN088A","5793","8838","10637","6657","8278","9692","0","0","0","YES","2022-07-26 06:52:11","BSKMA202207011002","BSKM","KCN088A","KISUMU","KAMPALA","FUEL","6900","18800","23860","0","W","null","49560","49895","-335"
"176","2064298","2022-07-26 06:32:10","26","6C","KDG093N","4646","9144","10320","10430","9918","8821","0","0","0","YES","2022-07-26 06:53:22","BSKMA202207011003","BSKM","KDG093N","SONY","KAMPALA","MOLASSES","5180","18720","25760","0","O","R","49660","53279","-3619"
"177","2064314","2022-07-26 06:35:04","26","6C","KCJ194K","6378","9149","8915","8668","8958","8154","0","0","0","YES","0001-01-01 00:00:00","","","","","","","0","0","0","0","","","0","50222","0"
"178","0","2022-07-26 06:35:04","26","6C","KCJ194K","6378","9149","8915","8668","8958","8154","0","0","0","YES","2022-07-26 06:55:47","BSKMA202207011004","BSKM","KCJ194K","KISUMU","KIGALI","PETROLEUM","6520","18300","24600","0","W","null","49420","50222","-802"
"179","2064357","2022-07-26 06:39:26","26","6C","UNKNOWN_E","4600","6611","9740","7012","8023","9438","0","0","0","YES","0001-01-01 00:00:00","","","","","","","0","0","0","0","","","0","45424","0"
"180","2064382","2022-07-26 06:40:50","26","6C","KDE443C","6563","6127","8803","9782","9433","8231","0","0","0","YES","0001-01-01 00:00:00","","","","","","","0","0","0","0","","","0","48939","0"
"181","0","2022-07-26 06:40:50","26","6C","KDE443C","6563","6127","8803","9782","9433","8231","0","0","0","YES","2022-07-26 06:57:58","BSKMA202207011006","BSKM","KDE443C","ELDORET","KAMPALA","WHEAT","6360","15660","24700","0","W","null","46720","48939","-2219"
"182","2064423","2022-07-26 06:45:07","9","4A","KCP092A","5996","4852","9346","8835","0","0","0","0","0","YES","2022-07-26 07:00:06","BSKMA202207011007","BSKM","KCP092A","KISUMU","BUSIA","MAIZE FLOUR","10540","16360","0","0","L","null","26900","29029","-2129"
"183","2064450","2022-07-26 06:47:54","26","6C","KDC194J","5811","5867","9123","7823","8478","6362","0","0","0","YES","2022-07-26 07:08:29","BSKMA202207011008","BSKM","KDC194J","KISUMU","KAMPALA","TILES","6280","15240","25000","0","W","null","46520","43464","3056"
"184","2064510","2022-07-26 06:52:24","26","6C","KCA293X","5084","5725","10228","10950","8938","6995","0","0","0","YES","2022-07-26 07:10:49","BSKMA202207011010","BSKM","KCA293X","KISUMU","KAMPALA","FUEL","5960","17480","24940","0","W","null","48380","47920","460"
"185","2064538","2022-07-26 06:54:46","26","6C","KDB364Z","6053","6738","9693","8756","8946","9736","0","0","0","YES","0001-01-01 00:00:00","","","","","","","0","0","0","0","","","0","49922","0"
"186","0","2022-07-26 06:54:46","26","6C","KDB364Z","6053","6738","9693","8756","8946","9736","0","0","0","YES","2022-07-26 07:11:48","BSKMA202207011011","BSKM","KDB364Z","KISUMU","KAMPALA","TILES","5640","18020","22620","0","O","R","46280","49922","-3642"
"187","2064541","2022-07-26 06:54:57","26","6C","KDB374Z","4784","6365","10030","7391","7634","6926","0","0","0","YES","2022-07-26 07:14:03","BSKMA202207011012","BSKM","KDB374Z","KISUMU","KAMPALA","TILES","6620","16440","22900","0","W","null","45960","43130","2830"
"188","2064552","2022-07-26 06:55:30","26","6C","KCR450B","6045","5013","7832","8150","9921","12913","0","0","0","YES","0001-01-01 00:00:00","","","","","","","0","0","0","0","","","0","49874","0"
"189","0","2022-07-26 06:55:30","26","6C","KCR450B","6045","5013","7832","8150","9921","12913","0","0","0","YES","2022-07-26 07:15:01","BSKMA202207011013","BSKM","KCR450B","KISUMU","KAMPALA","CONTAINER","5720","13060","25140","0","W","null","43920","49874","-5954"
"190","2064679","2022-07-26 07:07:11","0","","KCH283G","5181","4503","6958","6957","8535","10415","0","0","0","YES","0001-01-01 00:00:00","","","","","","","0","0","0","0","","","0","42549","0"
"191","0","2022-07-26 07:07:11","0","","KCH283G","5181","4503","6958","6957","8535","10415","0","0","0","YES","2022-07-26 07:16:00","BSKMA202207011014","BSKM","KCH283G","`NRBI","KAMPALA","CHEMICALS","5420","11680","26540","0","O","R","43640","42549","1091"
"192","2064681","2022-07-26 07:07:33","5","2A","KDJ036E","3927","8438","0","0","0","0","0","0","0","YES","2022-07-26 07:18:17","BSKMA202207011015","BSKM","KDJ036E","KISUMU","KAMPALA","ASSORTED GOODS","4100","8360","0","0","L","null","12460","12365","95"
"193","2064692","2022-07-26 07:08:13","26","6C","UAZ437R","6500","8926","8812","9434","9376","8812","0","0","0","YES","2022-07-26 07:19:19","BSKMA202207011016","BSKM","UAZ437R","KISUMU","KAMPALA","WHEAT","6600","16860","24620","0","W","null","48080","51860","-3780"
"194","2064700","2022-07-26 07:08:51","26","6C","KBU339N","6798","319","12991","7868","9694","10326","0","0","0","YES","2022-07-26 07:20:35","BSKMA202207011017","BSKM","KBU339N","KISUMU","KAMPALA","MOLASSES","7380","15780","24900","0","W","null","48060","47996","64"
"195","2064711","2022-07-26 07:09:41","5","2A","KCZ246T","5875","12050","0","0","0","0","0","0","0","YES","2022-07-26 07:21:36","BSKMA202207011018","BSKM","KCZ246T","KISUMU","KAMPALA","BUILDING/HARDWARE MATERIALS, FARM PRODUCE/INPUTS, ANIMAL FEEDS/PRODUCTS, COMMERCIAL, HOUSEHOLD AND ASSORTED GOODS.","5620","12260","0","0","O","null","17880","17925","-45"
"196","2064716","2022-07-26 07:09:48","26","6C","UNKNOWN_ER","5856","6114","10172","10647","9368","14926","0","0","0","YES","0001-01-01 00:00:00","","","","","","","0","0","0","0","","","0","57083","0"
"197","2064772","2022-07-26 07:13:38","26","6C","RAD827H","7843","9091","8812","9223","9190","7870","0","0","0","YES","0001-01-01 00:00:00","","","","","","","0","0","0","0","","","0","52029","0"
"198","0","2022-07-26 07:13:38","26","6C","RAD827H","7843","9091","8812","9223","9190","7870","0","0","0","YES","2022-07-26 07:41:13","BSKMA202207011025","BSKM","RAD827H","MSA`","KAMPALA","CONTAINER","7560","19100","22940","0","O","S","49600","52029","-2429"
"199","2064872","2022-07-26 07:20:55","26","6C","KDE428Y","5318","8085","7673","9550","8788","7880","0","0","0","YES","2022-07-26 07:53:25","BSKMA202207011031","BSKM","KDE428Y","KISUMU","KAMPALA","FUEL","6060","17000","25420","0","O","S","48480","47294","1186"
"200","2065167","2022-07-26 07:42:08","0","","UNKNOWN_E","8788","8581","7467","0","0","0","0","0","0","YES","0001-01-01 00:00:00","","","","","","","0","0","0","0","","","0","24836","0"
"201","2065222","2022-07-26 07:44:45","26","6C","KCY131L","5662","6467","9734","9201","8848","7684","0","0","0","YES","2022-07-26 08:01:06","BSKMA202207011037","BSKM","KCY131L","KISUMU","KAMPALA","FUEL","7580","15960","25180","0","W","null","48720","47596","1124"
"202","2065454","2022-07-26 07:59:31","0","","UNKNOWN_E","8110","8508","9431","0","0","0","0","0","0","YES","0001-01-01 00:00:00","","","","","","","0","0","0","0","","","0","26049","0"
"203","0","2022-07-26 07:59:31","0","","UNKNOWN_E","8110","8508","9431","0","0","0","0","0","0","YES","0001-01-01 00:00:00","","","","","","","0","0","0","0","","","0","26049","0"
"204","2065485","2022-07-26 08:01:00","26","6C","KCF295E","4909","10269","6037","7839","8019","7631","0","0","0","YES","0001-01-01 00:00:00","","","","","","","0","0","0","0","","","0","44704","0"
"205","0","2022-07-26 08:01:00","26","6C","KCF295E","4909","10269","6037","7839","8019","7631","0","0","0","YES","2022-07-26 08:09:32","BSKMA202207011047","BSKM","KCF295E","KISUMU","KAMPALA","CONTAINER","5040","17600","24440","0","W","null","47080","44704","2376"
"206","2065576","2022-07-26 08:07:09","5","2A","KCC717S","4854","12423","0","0","0","0","0","0","0","YES","2022-07-26 08:22:14","BSKMA202207011054","BSKM","KCC717S","KISUMU","KAMPALA","Timber, hardware materials, parcels, farm produce, metal and cereals","5520","12780","0","0","O","S","18300","17277","1023"
"207","2065599","2022-07-26 08:08:16","26","6C","KAY018G","7571","2577","12391","7410","7481","8170","0","0","0","YES","2022-07-26 08:27:17","BSKMA202207011056","BSKM","KAY018G","MSA`","KAMPALA","CONTAINER","8020","15980","23200","0","W","null","47200","45600","1600"
"208","2065777","2022-07-26 08:19:30","26","6C","KCG823M","5713","8646","8683","9088","8663","7079","0","0","0","YES","2022-07-26 08:30:19","BSKMA202207011059","BSKM","KCG823M","KISUMU","KAMPALA","FUEL","6420","18960","23760","0","O","S","49140","47872","1268"
"209","2065788","2022-07-26 08:20:20","26","6C","KCN266G","5970","8601","8710","7803","8603","8816","0","0","0","YES","2022-07-26 08:34:01","BSKMA202207011062","BSKM","KCN266G","KISUMU","KAMPALA","FUEL","6700","17420","24580","0","W","null","48700","48503","197"
"210","2065814","2022-07-26 08:21:49","26","6C","UNKNOWN_ER","6405","3342","11477","9734","7416","5659","0","0","0","YES","0001-01-01 00:00:00","","","","","","","0","0","0","0","","","0","44033","0"
"211","0","2022-07-26 08:21:49","26","6C","UNKNOWN_ER","6405","3342","11477","9734","7416","5659","0","0","0","YES","0001-01-01 00:00:00","","","","","","","0","0","0","0","","","0","44033","0"
"212","2065946","2022-07-26 08:30:08","5","2A","KCU281L","4700","9655","0","0","0","0","0","0","0","YES","2022-07-26 08:57:35","BSKMA202207011073","BSKM","KCU281L","KISUMU","KAMPALA","PLASTICS GOODS, BUILDING/HARDWARE MATERIALS, ASSORTED GOODS, CHARCOAL AND FARM PRODUCE","5280","10920","0","0","O","S","16200","14355","1845"
"213","2065964","2022-07-26 08:30:55","26","6C","KDB288E","5884","9368","9106","8143","8171","8459","0","0","0","YES","2022-07-26 09:29:29","BSKMA202207011075_1","BSKS","KDB288E","`NRBI","KAMPALA","CHEMICALS","6040","19060","23480","0","O","T","48580","49131","-551"
"214","0","2022-07-26 08:30:55","26","6C","KDB288E","5884","9368","9106","8143","8171","8459","0","0","0","YES","2022-07-26 08:59:10","BSKMA202207011075","BSKM","KDB288E","`NRBI","KAMPALA","CHEMICALS","5960","19220","23380","0","O","R","48560","49131","-571"
"215","2066057","2022-07-26 08:38:27","5","2A","KCD977Y","6017","9077","0","0","0","0","0","0","0","YES","0001-01-01 00:00:00","","","","","","","0","0","0","0","","","0","15094","0"
"216","0","2022-07-26 08:38:27","5","2A","KCD977Y","6017","9077","0","0","0","0","0","0","0","YES","2022-07-26 09:00:44","BSKMA202207011076","BSKM","KCD977Y","KISUMU","KAMPALA","ASORTE`","7020","10580","0","0","O","S","17600","15094","2506"
"217","2066162","2022-07-26 08:44:37","26","6C","KCY326W","5344","6515","10339","8865","7722","8174","0","0","0","YES","2022-07-26 09:01:48","BSKMA202207011077","BSKM","KCY326W","MSA`","KAMPALA","FUEL","6600","17040","25000","0","W","null","48640","46959","1681"
"218","2066164","2022-07-26 08:44:56","26","6C","KDH888G","6263","8709","8768","8422","8435","7885","0","0","0","YES","0001-01-01 00:00:00","","","","","","","0","0","0","0","","","0","48482","0"
"219","0","2022-07-26 08:44:56","26","6C","KDH888G","6263","8709","8768","8422","8435","7885","0","0","0","YES","2022-07-26 09:02:49","BSKMA202207011078","BSKM","KDH888G","KISUMU","KAMPALA","UNGA","7180","17520","23940","0","L","null","48640","48482","158"
"220","2066249","2022-07-26 08:50:27","26","6C","KBG018R","5681","7158","7556","8370","7228","8426","0","0","0","YES","2022-06-27 07:02:29","BSKMA202206010579","BSKM","KBG018R","MOMBASA","KAMPALA","CONTAINER","6560","17280","23920","0","L","null","47760","44419","3341"
"221","2066370","2022-07-26 08:57:43","26","6C","KDB321W","5690","9351","7593","8022","9103","8018","0","0","0","YES","2022-07-26 09:05:23","BSKMA202207011081","BSKM","KDB321W","MSSA","KAMPALA","CONTAINER","6160","17900","24940","0","W","null","49000","47777","1223"
"222","2066377","2022-07-26 08:58:32","26","6C","KDE423Y","5897","8066","8173","7494","8604","8918","0","0","0","YES","0001-01-01 00:00:00","","","","","","","0","0","0","0","","","0","47152","0"
"223","0","2022-07-26 08:58:32","26","6C","KDE423Y","5897","8066","8173","7494","8604","8918","0","0","0","YES","2022-07-26 09:06:17","BSKMA202207011082","BSKM","KDE423Y","KISUMU","KAMPALA","FUEL","6000","17980","25400","0","O","S","49380","47152","2228"
"224","2066460","2022-07-26 09:04:34","5","2A","KDG163Q","4718","10325","0","0","0","0","0","0","0","YES","2022-07-26 09:13:10","BSKMA202207011087","BSKM","KDG163Q","KISUMU","KAMPALA","BUILDING/HARDWARE MATERIALS-TIMBER-PIPES-ASSORTED GOODS-FARM PRODUCE/INPUTS","5380","12100","0","0","O","S","17480","15043","2437"
"225","2066503","2022-07-26 09:06:51","26","6C","KBP726U","5326","7340","10005","6818","7829","9903","0","0","0","YES","2022-07-26 09:18:42","BSKMA202207011093","BSKM","KBP726U","KISUMU","KAMPALA","CONTAINER","6700","17800","23580","0","L","null","48080","47221","859"
"226","2066508","2022-07-26 09:07:25","26","6C","KCG827M","5723","8698","10354","6503","7652","9285","0","0","0","YES","2022-07-26 09:20:12","BSKMA202207011094","BSKM","KCG827M","KISUMU","KAMPALA","FUEL","6620","18780","23620","0","W","null","49020","48215","805"
"227","2066548","2022-07-26 09:09:33","26","6C","RAF138V","5185","8870","8985","9115","7615","7512","0","0","0","YES","2022-07-26 09:27:04","BSKMA202207011096","BSKM","RAF138V","NKRU","KAMPALA","CEMENT-50 KGS BAGS","6020","18660","24320","0","W","null","49000","47282","1718"
"228","2066552","2022-07-26 09:09:49","26","6C","RAF143V","5776","9426","9048","8818","8265","7427","0","0","0","YES","2022-07-26 09:31:07","BSKMA202207011097","BSKM","RAF143V","MSA`","KAMPALA","CEMNT","6160","18560","23360","0","W","null","48080","48760","-680"
"229","2066558","2022-07-26 09:10:12","26","6C","KCN270G","5697","8586","8520","8235","8741","9192","0","0","0","YES","2022-07-26 09:33:03","BSKMA202207011098","BSKM","KCN270G","KISUMU","KAMPALA","FUEL","6560","17200","24980","0","W","null","48740","48971","-231"
"230","2066636","2022-07-26 09:15:53","26","6C","KDB370W","5087","9893","7374","8278","8980","8803","0","0","0","YES","2022-07-26 09:34:26","BSKMA202207011099","BSKM","KDB370W","KISUMU","KAMPALA","","5840","17820","24120","0","W","null","47780","48415","-635"
"231","2066655","2022-07-26 09:17:12","26","6C","KCN087A","6337","9909","10065","8209","9059","10372","0","0","0","YES","2022-07-26 09:35:17","BSKMA202207011100","BSKM","KCN087A","KISUMU","KAMPALA","","6720","18040","24760","0","W","null","49520","53951","-4431"
"232","2066731","2022-07-26 09:21:10","26","6C","KDB365W","5334","9976","7343","8911","9205","7227","0","0","0","YES","2022-07-26 09:36:47","BSKMA202207011102","BSKM","KDB365W","MSA`","KAMPALA","CONTAINER","6200","17740","25120","0","W","null","49060","47996","1064"
"233","2066821","2022-07-26 09:26:31","26","6C","KBH137X","5844","605","6949","10295","9969","9567","0","0","0","YES","2022-07-26 09:39:05","BSKMA202207011105","BSKM","KBH137X","MSA`","KAMPALA","FUEL","5860","8460","24840","0","W","null","39160","43229","-4069"
"234","2066946","2022-07-26 09:34:40","5","2A","KCY358A","5431","11199","0","0","0","0","0","0","0","YES","2022-07-26 09:40:28","BSKMA202207011107","BSKM","KCY358A","KISUMU","KAMPALA","CHARCOAL, PLASTICS,BUILDING AND CONSTRUCTION MATERIALS, HARDWARE MATERIALS, FARM PRODUCE, ANIMAL PRODUCTS AND FEEDS, COMMERCIAL GOODS, HOUSEHOLD GOODS AND ASSORTED GOODS","4960","12380","0","0","O","S","17340","16630","710"
"235","2066979","2022-07-26 09:36:34","26","6C","KDE065L","5478","7757","8662","7696","8608","7858","0","0","0","YES","0001-01-01 00:00:00","","","","","","","0","0","0","0","","","0","46059","0"
"236","0","2022-07-26 09:36:34","26","6C","KDE065L","5478","7757","8662","7696","8608","7858","0","0","0","YES","2022-07-26 09:41:05","BSKMA202207011108","BSKM","KDE065L","MSA`","KAMPALA","FUEL","6900","17880","24900","0","W","null","49680","46059","3621"
"237","2067016","2022-07-26 09:40:03","26","6C","KCX093K","6991","9382","9408","6854","7063","6790","0","0","0","YES","2022-07-26 09:42:10","BSKMA202207011109","BSKM","KCX093K","KISUMU","KAMPALA","","7460","18360","23320","0","W","null","49140","46488","2652"
"238","2067094","2022-07-26 09:45:02","26","6C","KDG093N","4767","9548","10586","10092","9740","8238","0","0","0","YES","2022-07-26 09:49:03","BSKMA202207011003_4","BSKM","KDG093N","KISUMU","KAMPALA","MOLASSES","5260","18800","25460","0","O","T","49520","52971","-3451"
"239","2067111","2022-07-26 09:46:24","26","6C","KCH283G","5402","5141","6973","6241","9150","11228","0","0","0","YES","2022-07-26 09:55:21","BSKMA202207011014_5","BSKM","KCH283G","NAIROBI","KAMPALA","CONTAINER","5620","12140","25860","0","O","S","43620","44135","-515"
"240","2067217","2022-07-26 09:52:34","26","6C","KDD819A","5941","6884","10388","9311","9701","8541","0","0","0","YES","2022-07-26 10:00:03","BSKMA202207011111","BSKM","KDD819A","KISUMU","KAMPALA","PETROLEUM","5520","17920","24940","0","O","S","48380","50766","-2386"
"241","2067452","2022-07-26 10:07:49","26","6C","KCY340E","6359","6317","10525","7131","6153","9135","0","0","0","YES","2022-07-26 10:09:46","BSKMA202207011115","BSKM","KCY340E","KISUMU","KAMPALA","CONTAINER","6960","16900","21980","0","L","null","45840","45620","220"
"242","2067512","2022-07-26 10:12:07","26","6C","KDB279H","5823","9634","7981","11438","8899","8831","0","0","0","YES","2022-07-26 10:13:02","BSKMA202207011118","BSKM","KDB279H","MOMBASA","KAMPALA","PETROLEUM","6820","17380","25140","0","W","null","49340","52606","-3266"
"243","2067553","2022-07-26 10:15:00","26","6C","KCQ747F","6003","10933","5451","8929","7891","10512","0","0","0","YES","2022-07-26 10:16:01","BSKMA202207011119","BSKM","KCQ747F","MOMBASA","KAMPALA","PETROLEUM","6160","17100","24880","0","W","null","48140","49719","-1579"
"244","2067556","2022-07-26 10:15:08","26","6C","KDE060L","5667","8632","9138","8767","8701","9049","0","0","0","YES","2022-07-26 10:17:02","BSKMA202207011120","BSKM","KDE060L","MOMBASA","KAMPALA","PETROLEUM","6540","18840","23920","0","W","null","49300","49954","-654"
"245","2067575","2022-07-26 10:16:27","26","6C","RAD181P","7170","6702","9436","8234","8076","8651","0","0","0","YES","2022-07-26 10:19:42","BSKMA202207011121","BSKM","RAD181P","KISUMU","KAMPALA","STEEL BARS","6460","15860","22820","0","L","null","45140","48269","-3129"
"246","2067605","2022-07-26 10:19:15","26","6C","KDB071Y","6748","9179","9850","7052","9032","10557","0","0","0","YES","0001-01-01 00:00:00","","","","","","","0","0","0","0","","","0","52418","0"
"247","0","2022-07-26 10:19:15","26","6C","KDB071Y","6748","9179","9850","7052","9032","10557","0","0","0","YES","2022-07-26 10:23:13","BSKMA202207011122","BSKM","KDB071Y","NAIROBI","KAMPALA","WHEAT","6960","17320","24960","0","W","null","49240","52418","-3178"
"248","2067614","2022-07-26 10:19:41","5","2A","KDB263N","5769","10259","0","0","0","0","0","0","0","YES","0001-01-01 00:00:00","","","","","","","0","0","0","0","","","0","16028","0"
"249","0","2022-07-26 10:19:41","5","2A","KDB263N","5769","10259","0","0","0","0","0","0","0","YES","2022-07-26 10:28:35","BSKMA202207011123","BSKM","KDB263N","KISUMU","BUSIA","ASSORTED GOODS","5560","9720","0","0","L","null","15280","16028","-748"
"250","2067689","2022-07-26 10:24:32","26","6C","KBY374A","5469","6515","9620","7715","9443","10179","0","0","0","YES","2022-07-26 10:30:11","BSKMA202207011124","BSKM","KBY374A","NAIROBI","KAMPALA","H/WARE","5900","16200","24300","0","W","null","46400","48941","-2541"
"251","2067696","2022-07-26 10:24:47","26","6C","KDC348Z","5605","10009","10141","7394","8092","9666","0","0","0","YES","2022-07-26 10:31:47","BSKMA202207011125","BSKM","KDC348Z","KISUMU","KAMPALA","PETROLEUM","6140","18640","24780","0","W","null","49560","50907","-1347"
"252","2067784","2022-07-26 10:30:57","26","6C","KDG093N","4803","9614","10786","10364","9836","9145","0","0","0","YES","2022-07-26 10:32:57","BSKMA202207011003_5","BSKM","KDG093N","KISUMU","KAMPALA","MOLASSES","5240","18840","25420","0","O","S","49500","54548","-5048"
"253","2067818","2022-07-26 10:33:16","26","6C","KDA884T","6389","9030","8031","9906","9358","7994","0","0","0","YES","2022-07-26 10:41:21","BSKMA202207011126","BSKM","KDA884T","KISUMU","KAMPALA","PETROLEUM","6180","18320","25080","0","W","null","49580","50708","-1128"
"254","2067850","2022-07-26 10:35:52","5","2A","KDD267R","5403","10997","0","0","0","0","0","0","0","YES","0001-01-01 00:00:00","","","","","","","0","0","0","0","","","0","16400","0"
"255","0","2022-07-26 10:35:52","5","2A","KDD267R","5403","10997","0","0","0","0","0","0","0","YES","2022-07-26 10:42:23","BSKMA202207011127","BSKM","KDD267R","KISUMU","KAMPALA","BUILDING AND CONSTRUCTION MATERIALS, HARDWARE MATERIALS, FARM PRODUCE, COMMERCIAL GOODS, HOUSEHOLD GOODS, PARCELS AND ASSORTED GOODS","5460","11820","0","0","O","S","17280","16400","880"
"256","2067933","2022-07-26 10:40:37","26","6C","KCG352G","6141","8937","8725","8072","9025","9419","0","0","0","YES","2022-07-26 10:43:29","BSKMA202207011128","BSKM","KCG352G","KISUMU","KAMPALA","PETROLEUM","6480","17460","24320","0","W","null","48260","50319","-2059"
"257","2068031","2022-07-26 10:46:20","26","6C","KDB264H","6536","9027","8172","10840","9141","8099","0","0","0","YES","2022-07-26 10:47:24","BSKMA202207011129","BSKM","KDB264H","MOMBASA","KAMPALA","PETROLEUM","6760","17640","25100","0","W","null","49500","51815","-2315"
"258","2068137","2022-07-26 10:54:10","5","2A","KCF556U","5509","12888","0","0","0","0","0","0","0","YES","2022-07-26 10:59:14","BSKMA202207011131","BSKM","KCF556U","NAIROBI","KAMPALA","PLASTIC, TIMBER, HOUSEHOLD ITEMS, CEREALS, ASSORTED GOODS, ANIMAL FEEDS, LIVESTOCKS, SISAL, HARDWARE/BUILDING MATERIAL FARM IN-PUTS AND FARM PRODUCE","5260","12040","0","0","O","S","17300","18397","-1097"
"259","2068196","2022-07-26 10:57:46","26","6C","UBE787E","6470","9453","9375","6149","9523","11095","0","0","0","YES","2022-07-26 11:02:53","BSKMA202207011133","BSKM","UBE787E","NAIROBI","KAMPALA","ASSORTED GOODS","6540","18880","24000","0","W","null","49420","52065","-2645"
"260","2068410","2022-07-26 11:12:51","5","2A","KDC445X","6403","11394","0","0","0","0","0","0","0","YES","2022-07-26 11:57:59","BSKSA202207005982","BSKS","KDC445X","KISUMU","KAMPALA","BUILDING/HARDWARE MATERIALS,FARM PRODUCES/INPUTS,TIMBER,TANKS,GROCERIES,SCRAPES,HOUSEHOLD GOODS AND ASSORTED GOODS.","6540","12040","0","0","O","S","18580","17797","783"
"261","0","2022-07-26 11:12:51","5","2A","KDC445X","6403","11394","0","0","0","0","0","0","0","YES","2022-07-26 11:13:51","BSKMA202207011137","BSKM","KDC445X","KISUMU","KAMPALA","BUILDING/HARDWARE MATERIALS,FARM PRODUCES/INPUTS,TIMBER,TANKS,GROCERIES,SCRAPES,HOUSEHOLD GOODS AND ASSORTED GOODS.","6600","12000","0","0","O","S","18600","17797","803"
"262","2068422","2022-07-26 11:13:59","26","6C","KDB230W","6073","11079","8243","6531","9076","9099","0","0","0","YES","0001-01-01 00:00:00","","","","","","","0","0","0","0","","","0","50101","0"
"263","0","2022-07-26 11:13:59","26","6C","KDB230W","6073","11079","8243","6531","9076","9099","0","0","0","YES","2022-07-26 11:15:00","BSKMA202207011138","BSKM","KDB230W","MSA`","KAMPALA","CONTAINER","6160","19560","23340","0","O","R","49060","50101","-1041"
"264","2068601","2022-07-26 11:24:45","5","2A","KBB102A","4940","12031","0","0","0","0","0","0","0","YES","2022-07-26 11:27:50","BSKMA202207011141","BSKM","KBB102A","KISUMU","KAMPALA","HARDWARE MATERIALS,TIMBER,PIPES,BUILDING
MATERIALS,CEREALS,FARM PRODUCE AND ASSORTED GOODS","5260","12420","0","0","O","S","17680","16971","709"
"265","2068641","2022-07-26 11:27:42","26","6C","KCS225A","5930","8051","8248","7547","8610","8611","0","0","0","YES","2022-07-22 18:30:30","BSKSA202207005093","BSKS","KCS225A","KAMPALA","MOMBASA","CONTAINER","6420","18360","24860","0","W","null","49640","46997","2643"
"266","2068681","2022-07-26 11:30:34","26","6C","KCH088H","6503","2109","12995","8554","8102","8221","0","0","0","YES","2022-07-02 07:31:28","BSKMA202207000584","BSKM","KCH088H","NAIROBI","KAMPALA","CONTAINER","5900","15500","23980","0","L","null","45380","46484","-1104"
"267","2068687","2022-07-26 11:30:40","26","6C","KCG577J","6143","5312","10077","7495","9645","10641","0","0","0","YES","2022-07-26 11:36:25","BSKMA202207011146","BSKM","KCG577J","`NRBI","KAMPALA","CONTAINER","6640","16120","24880","0","W","null","47640","49313","-1673"
"268","2068719","2022-07-26 11:33:07","26","6C","KDH358X","5853","8928","9108","7841","9393","8111","0","0","0","YES","2022-07-26 11:37:43","BSKMA202207011147","BSKM","KDH358X","KISUMU","KAMPALA","KOKOTO","6280","18800","23120","0","W","null","48200","49234","-1034"
"269","2068726","2022-07-26 11:33:17","26","6C","KCZ315D","5679","9035","9434","9585","8393","6591","0","0","0","YES","2022-07-26 11:39:04","BSKMA202207011148","BSKM","KCZ315D","KISUMU","KAMPALA","KOKOTO","6200","18560","23920","0","W","null","48680","48717","-37"
"270","2068758","2022-07-26 11:34:43","26","6C","KDE129S","5199","6674","8218","8650","8359","8942","0","0","0","YES","2022-07-26 11:40:21","BSKSA202207005972_1","BSKM","KDE129S","UG","`NRBI","ASSORTED GOODS","5880","18460","24500","0","W","null","48840","46042","2798"
"271","2068827","2022-07-26 11:39:11","26","6C","KDB230W","6340","11030","8157","6477","9302","10199","0","0","0","YES","2022-07-26 11:42:59","BSKMA202207011138_1","BSKM","KDB230W","MSA`","KAMPALA","CONTAINER","6120","19300","23640","0","O","T","49060","51505","-2445"
"272","2068923","2022-07-26 11:44:47","26","6C","KCZ053W","5750","9454","9376","9697","8209","8125","0","0","0","YES","2022-07-26 12:01:28","BSKMA202207011153","BSKM","KCZ053W","KISUMU","KAMPALA","FUEL","5980","18240","24500","0","W","null","48720","50611","-1891"
"273","2068986","2022-07-26 11:48:29","26","6C","KBU924W","5738","6962","6719","7462","8156","9453","0","0","0","YES","2022-07-26 12:02:25","BSKMA202207011154","BSKM","KBU924W","MSA`","KAMPALA","WHEAT","6180","15440","23180","0","L","null","44800","44490","310"
"274","2069142","2022-07-26 11:57:31","5","2A","KCK130F","5338","11556","0","0","0","0","0","0","0","YES","0001-01-01 00:00:00","","","","","","","0","0","0","0","","","0","16894","0"
"275","0","2022-07-26 11:57:31","5","2A","KCK130F","5338","11556","0","0","0","0","0","0","0","YES","2022-07-26 12:05:55","BSKMA202207011157","BSKM","KCK130F","KISUMU","KAMPALA","HARDWARE MATERIALS,TIMBER,PIPES,BUILDING MATERIALS,CEREALS,FARM PRODUCE AND ASSORTED GOODS","5680","12320","0","0","O","S","18000","16894","1106"